{
  "data": [
    {
      "orientation": "v",
      "width": [
        52.63157894736842,
        52.56410256410257,
        49.56896551724138,
        55.202312138728324,
        57.45784695201037,
        55.78034682080924,
        57.841140529531565,
        54.18502202643172,
        51.35135135135135,
        62.5,
        61.08108108108108,
        65.44117647058823,
        51.06382978723404,
        52.69230769230769,
        51.975051975051976,
        51.00917431192661,
        50.877192982456144,
        49.55456570155902,
        53.68421052631579
      ],
      "base": [
        8.675,
        7.675,
        1.675,
        12.675,
        14.675,
        13.675,
        15.675,
        11.675,
        5.675,
        17.675,
        16.675,
        18.675,
        4.675,
        9.675,
        6.675,
        3.675,
        2.675,
        0.675,
        10.675
      ],
      "x": [
        26.31578947368421,
        26.282051282051285,
        24.78448275862069,
        27.601156069364162,
        28.728923476005185,
        27.89017341040462,
        28.920570264765782,
        27.09251101321586,
        25.675675675675674,
        31.25,
        30.54054054054054,
        32.720588235294116,
        25.53191489361702,
        26.346153846153847,
        25.987525987525988,
        25.504587155963304,
        25.438596491228072,
        24.77728285077951,
        26.842105263157894
      ],
      "y": [
        0.6499999999999986,
        0.6499999999999995,
        0.6500000000000001,
        0.6499999999999986,
        0.6499999999999986,
        0.6499999999999986,
        0.6499999999999986,
        0.6499999999999986,
        0.6500000000000004,
        0.6499999999999986,
        0.6499999999999986,
        0.6499999999999986,
        0.6500000000000004,
        0.6499999999999986,
        0.6500000000000004,
        0.6500000000000004,
        0.6500000000000004,
        0.6499999999999999,
        0.6499999999999986
      ],
      "text": [
        "pct_penalized: 52.63158<br />state: AL",
        "pct_penalized: 52.56410<br />state: AR",
        "pct_penalized: 49.56897<br />state: AZ",
        "pct_penalized: 55.20231<br />state: CA",
        "pct_penalized: 57.45785<br />state: FL",
        "pct_penalized: 55.78035<br />state: GA",
        "pct_penalized: 57.84114<br />state: IL",
        "pct_penalized: 54.18502<br />state: KY",
        "pct_penalized: 51.35135<br />state: LA",
        "pct_penalized: 62.50000<br />state: MA",
        "pct_penalized: 61.08108<br />state: MS",
        "pct_penalized: 65.44118<br />state: NJ",
        "pct_penalized: 51.06383<br />state: NV",
        "pct_penalized: 52.69231<br />state: NY",
        "pct_penalized: 51.97505<br />state: OH",
        "pct_penalized: 51.00917<br />state: PA",
        "pct_penalized: 50.87719<br />state: TN",
        "pct_penalized: 49.55457<br />state: TX",
        "pct_penalized: 53.68421<br />state: WV"
      ],
      "type": "bar",
      "textposition": "none",
      "marker": {
        "autocolorscale": false,
        "color": "rgba(192,57,43,1)",
        "line": {
          "width": 1.8897637795275593,
          "color": "transparent"
        }
      },
      "showlegend": false,
      "xaxis": "x",
      "yaxis": "y",
      "hoverinfo": "text",
      "frame": null,
      "hovertemplate": "<b>%{x}</b><br>Value: %{y:,}<extra></extra>",
      "name": "Series 1"
    },
    {
      "x": [
        48.148464163822524,
        48.148464163822524
      ],
      "y": [
        0.4,
        19.6
      ],
      "text": "xintercept: 48.14846",
      "type": "scatter",
      "mode": "lines",
      "line": {
        "width": 3.7795275590551185,
        "color": "rgba(44,62,107,1)",
        "dash": "dash"
      },
      "hoveron": "points",
      "showlegend": false,
      "xaxis": "x",
      "yaxis": "y",
      "hoverinfo": "text",
      "frame": null,
      "hovertemplate": "<b>Series 2</b><br>x: %{x}<br>y: %{y}<extra></extra>",
      "name": "Series 2"
    },
    {
      "x": [
        52.63157894736842,
        52.56410256410257,
        49.56896551724138,
        55.202312138728324,
        57.45784695201037,
        55.78034682080924,
        57.841140529531565,
        54.18502202643172,
        51.35135135135135,
        62.5,
        61.08108108108108,
        65.44117647058823,
        51.06382978723404,
        52.69230769230769,
        51.975051975051976,
        51.00917431192661,
        50.877192982456144,
        49.55456570155902,
        53.68421052631579
      ],
      "y": [
        9,
        8,
        2,
        13,
        15,
        14,
        16,
        12,
        6,
        18,
        17,
        19,
        5,
        10,
        7,
        4,
        3,
        1,
        11
      ],
      "text": [
        "52.6%",
        "52.6%",
        "49.6%",
        "55.2%",
        "57.5%",
        "55.8%",
        "57.8%",
        "54.2%",
        "51.4%",
        "62.5%",
        "61.1%",
        "65.4%",
        "51.1%",
        "52.7%",
        "52%",
        "51%",
        "50.9%",
        "49.6%",
        "53.7%"
      ],
      "hovertext": [
        "pct_penalized: 52.63158<br />state: AL<br />paste0(round(pct_penalized, 1), \"%\"): 52.6%",
        "pct_penalized: 52.56410<br />state: AR<br />paste0(round(pct_penalized, 1), \"%\"): 52.6%",
        "pct_penalized: 49.56897<br />state: AZ<br />paste0(round(pct_penalized, 1), \"%\"): 49.6%",
        "pct_penalized: 55.20231<br />state: CA<br />paste0(round(pct_penalized, 1), \"%\"): 55.2%",
        "pct_penalized: 57.45785<br />state: FL<br />paste0(round(pct_penalized, 1), \"%\"): 57.5%",
        "pct_penalized: 55.78035<br />state: GA<br />paste0(round(pct_penalized, 1), \"%\"): 55.8%",
        "pct_penalized: 57.84114<br />state: IL<br />paste0(round(pct_penalized, 1), \"%\"): 57.8%",
        "pct_penalized: 54.18502<br />state: KY<br />paste0(round(pct_penalized, 1), \"%\"): 54.2%",
        "pct_penalized: 51.35135<br />state: LA<br />paste0(round(pct_penalized, 1), \"%\"): 51.4%",
        "pct_penalized: 62.50000<br />state: MA<br />paste0(round(pct_penalized, 1), \"%\"): 62.5%",
        "pct_penalized: 61.08108<br />state: MS<br />paste0(round(pct_penalized, 1), \"%\"): 61.1%",
        "pct_penalized: 65.44118<br />state: NJ<br />paste0(round(pct_penalized, 1), \"%\"): 65.4%",
        "pct_penalized: 51.06383<br />state: NV<br />paste0(round(pct_penalized, 1), \"%\"): 51.1%",
        "pct_penalized: 52.69231<br />state: NY<br />paste0(round(pct_penalized, 1), \"%\"): 52.7%",
        "pct_penalized: 51.97505<br />state: OH<br />paste0(round(pct_penalized, 1), \"%\"): 52%",
        "pct_penalized: 51.00917<br />state: PA<br />paste0(round(pct_penalized, 1), \"%\"): 51%",
        "pct_penalized: 50.87719<br />state: TN<br />paste0(round(pct_penalized, 1), \"%\"): 50.9%",
        "pct_penalized: 49.55457<br />state: TX<br />paste0(round(pct_penalized, 1), \"%\"): 49.6%",
        "pct_penalized: 53.68421<br />state: WV<br />paste0(round(pct_penalized, 1), \"%\"): 53.7%"
      ],
      "textfont": {
        "size": 10.960629921259843,
        "color": "rgba(28,28,30,1)"
      },
      "type": "scatter",
      "mode": "markers",
      "hoveron": "points",
      "showlegend": false,
      "xaxis": "x",
      "yaxis": "y",
      "hoverinfo": "text",
      "frame": null,
      "hovertemplate": "<b>%{text}</b><br>x: %{x}<br>y: %{y}<extra></extra>",
      "name": "Series 3"
    }
  ],
  "layout": {
    "margin": {
      "t": 54.522208385222086,
      "r": 21.25363221253632,
      "b": 50.14528850145289,
      "l": 36.86176836861768
    },
    "plot_bgcolor": "#F2F0EB",
    "paper_bgcolor": "#F2F0EB",
    "font": {
      "color": "#1C1C1E",
      "family": "DM Sans, Helvetica, sans-serif",
      "size": 14.611872146118724
    },